,source,author,title,description,url,urlToImage,publishedAt,content
0,"{'id': 'wired', 'name': 'Wired'}",Boutayna Chokrane,"Best Prime Day Beauty Deals 2025: Hair, Skin, and Dental Care","Prime Day’s beauty bargains are live. We tested the gadgets, tracked the prices, and scanned hundreds of deals to find what’s actually worth it.",https://www.wired.com/story/prime-day-beauty-deals-july-2025-2/,"https://media.wired.com/photos/68646b56182925dd2869675f/191:100/w_1280,c_limit/12.jpg",2025-07-10T19:56:08Z,"Amazon Prime Day runs from July 8 to 11, and its a feeding frenzy for beauty steals, so Im here to help you spend your money semi-responsibly. Ive combed through countless hot tools, dental devices, … [+7473 chars]"
1,"{'id': 'wired', 'name': 'Wired'}",Simon Hill,Prime Day Picks From People Who Obsessively Test Gear & Track Prices,"We review products year-round and spend weeks evaluating Prime Day deals to pick the best bargains on quality gadgets. Don't waste your money, shop real sales!",https://www.wired.com/story/best-amazon-prime-deals-july-2025-1/,"https://media.wired.com/photos/686d4cbdffcb274e31f3ae3f/191:100/w_1280,c_limit/Absolute%20Best%20Deals.png",2025-07-09T09:12:33Z,"Amazon Prime Day began as one day and is now much more of an event, lasting four days this year. The Prime Day deals started dropping last month, and will go on through Friday. We'll be dangerously c… [+75338 chars]"
2,"{'id': None, 'name': 'Yahoo Entertainment'}",Stephanie Kelly,"Oil prices ease as traders assess US tariffs, OPEC+ output hike","(Reuters) -Oil prices eased on Tuesday after rising almost 2% in the previous session, as investors assessed new developments on U.S. tariffs and a higher...",https://uk.finance.yahoo.com/news/oil-prices-ease-traders-assess-005032732.html,https://media.zenfs.com/en/reuters.com/492edd41d108bd5f9b40709b5d9e33b0,2025-07-08T00:50:32Z,"By Stephanie Kelly
(Reuters) -Oil prices eased on Tuesday after rising almost 2% in the previous session, as investors assessed new developments on U.S. tariffs and a higher-than-expected OPEC+ outp… [+1886 chars]"
3,"{'id': None, 'name': 'Yahoo Entertainment'}",Editor OilPrice.com,OPEC Is Playing The Long Game,"OPEC is implementing a long-term strategy to regain market share and maintain high oil prices, leveraging geopolitical factors and a slowdown in non-OPEC...",https://finance.yahoo.com/news/opec-playing-long-game-230000878.html,https://s.yimg.com/cv/apiv2/social/images/yahoo_default_logo-1200x1200.png,2025-07-19T23:00:00Z,"“There is no peak in oil demand on the horizon,” the head of OPEC, Haitham al Ghais, said last month in Canada. Demand will continue to increase as global population grows, he added. And OPEC will be… [+5083 chars]"
4,"{'id': None, 'name': 'Yahoo Entertainment'}",Scott DiSavino,"US oil/gas rig count down for 11th week to lowest since 2021, Baker Hughes says",(Reuters) -U.S. energy firms this week cut the number of oil and natural gas rigs operating for an 11th week in a row for the first time since July 2020 when...,https://ca.finance.yahoo.com/news/us-oil-gas-rig-count-173929976.html,https://media.zenfs.com/en/reuters.com/a5ba59c0a8e22d9b195412d50fc94b3c,2025-07-11T17:39:29Z,"By Scott DiSavino
(Reuters) -U.S. energy firms this week cut the number of oil and natural gas rigs operating for an 11th week in a row for the first time since July 2020 when the COVID-19 pandemic … [+2179 chars]"
5,"{'id': None, 'name': 'Yahoo Entertainment'}",Bloomberg,"BofA Sees Oil Prices to Fall in Autumn, Blanch Says","Francisco Blanch, head of global commodities and derivates research at Bank of America, discusses OPEC+'s recent decision to increase oil production for the ...",https://finance.yahoo.com/video/bofa-sees-oil-prices-fall-080803016.html,https://s.yimg.com/ny/api/res/1.2/DwKJDfbXs9xpmtvHBVOhCQ--/YXBwaWQ9aGlnaGxhbmRlcjt3PTEyMDA7aD02NzU-/https://media.zenfs.com/en/bloomberg_markets_video_2/6cbd251f68b9ecb8a891786568fd84aa,2025-07-08T08:08:03Z,"Francisco Blanch, head of global commodities and derivates research at Bank of America, discusses OPEC+'s recent decision to increase oil production for the month of August. ""It's been a good time to… [+260 chars]"
6,"{'id': None, 'name': 'Yahoo Entertainment'}",Nilanjan Banerjee,3 Oilfield Stocks Well Poised to Gain Despite Industry Woes,"Strict capital discipline by upstream energy companies is acting as a dampener, making the outlook for the Zacks Oil and Gas- Field Services industry gloomy....",https://finance.yahoo.com/news/3-oilfield-stocks-well-poised-145000699.html,https://media.zenfs.com/en/zacks.com/a4cef322b4244c64f8adf4e0acb07e4c,2025-07-08T14:50:00Z,"A volatile pricing environment for commodities, driven by rising trade tensions and strict capital management by upstream energy firms, is diminishing the demand for oilfield services, creating a cha… [+6420 chars]"
7,"{'id': None, 'name': 'Thekitchn.com'}",Mackenzie Filson,We Compared Prices for 15 Items at Aldi Versus Walmart — And One Is Clearly Cheaper,"We looked at milk, butter, olive oil, frozen chicken nuggets, and more.
READ MORE...",https://www.thekitchn.com/is-aldi-cheaper-than-walmart-2025-23734199,"https://cdn.apartmenttherapy.info/image/upload/f_auto,q_auto:eco,c_fill,g_auto,w_1500,ar_3:2/tk%2Fedit%2Fgroceries%2F2025%2F2025-07%2Faldi-vs-walmart%2Faldi-vs-walmart-lead",2025-07-08T14:30:00Z,"We independently select these products—if you buy from one of our links, we may earn a commission. All prices were accurate at the time of publishing.
Before we get to number crunching, though, Ive … [+7384 chars]"
8,"{'id': None, 'name': 'MarketWatch'}",Myra P. Saefong,Fourth of July gas prices may be the lowest in years. Will they stay this cheap all summer?,U.S. drivers may pay the lowest Independence Day prices for gasoline at the pump since 2021. But whether cheaper fuel prices will stick around for the rest of the summer is a bit harder to predict.,https://www.marketwatch.com/story/fourth-of-july-gas-prices-may-be-the-lowest-in-years-will-they-stay-this-cheap-all-summer-3d31a193,https://images.mktw.net/im-568286/social,2025-07-02T11:00:00Z,"U.S. drivers may pay the lowest Independence Day prices for gasoline at the pump since 2021, as easing Israel-Iran tensions have helped pull oil lower. But whether cheaper fuel prices will stick arou… [+308 chars]"
9,"{'id': 'business-insider', 'name': 'Business Insider'}",William Edwards,2 former Fed economists say Chair Jerome Powell is facing an epic conundrum,"It hasn't been an easy start to 2025 for Jerome Powell. Unfortunately for the Fed chair, the second half of the year is likely to be even tougher.",https://www.businessinsider.com/fed-rate-cuts-inflation-jobs-jerome-powell-economy-recession-tariffs-2025-7,https://i.insider.com/68712f053d5881a51c1d2c4b?width=1200&format=jpeg,2025-07-13T09:30:01Z,"U.S. President Donald Trump gestures with Jerome Powell, his nominee to become chairman of the U.S. Federal Reserve at the White House in WashingtonReuters
<ul><li>Fed Chair Jerome Powell is facing … [+4899 chars]"
10,"{'id': None, 'name': 'Slashdot.org'}",BeauHD,Saudi Arabia Asks Consultants To Reassess Feasibility of 'The Line' Megaproject,"Saudi Arabia has asked consultants to reassess the feasibility of The Line, its ambitious 170km linear city project and centerpiece of the Neom initiative, as rising costs and falling oil prices force the kingdom to scale back its megaprojects. Middle East Ey…",https://news.slashdot.org/story/25/07/14/233200/saudi-arabia-asks-consultants-to-reassess-feasibility-of-the-line-megaproject,https://a.fsdn.com/sd/topics/money_64.png,2025-07-15T02:10:00Z,"Blocks / grids might be common in the US but they aren't super common in Europe, Middle East or Asia. A new city might have a central core (e.g. a palace, or central forum which was designed) designe… [+1313 chars]"
11,"{'id': None, 'name': 'Calculatedriskblog.com'}",Calculated Risk,Sunday Night Futures,"Weekend:  • Schedule for Week of June 29, 2025   Monday:  • At 9:45 AM ET, Chicago Purchasing Managers Index  for June.   • At 10:30 AM, Dal...",https://www.calculatedriskblog.com/2025/06/sunday-night-futures_29.html,,2025-06-29T23:08:00Z,"Weekend:• Schedule for Week of June 29, 2025
Monday:• At 9:45 AM ET, Chicago Purchasing Managers Index for June.
• At 10:30 AM, Dallas Fed Survey of Manufacturing Activity for June.
From CNBC: Pre… [+517 chars]"
12,"{'id': None, 'name': 'Calculatedriskblog.com'}",Calculated Risk,Sunday Night Futures,"Weekend:  • Schedule for Week of July 6, 2025   Monday:  • No major economic releases scheduled.   From CNBC: Pre-Market Data  and Bloomberg...",https://www.calculatedriskblog.com/2025/07/sunday-night-futures.html,,2025-07-06T22:17:00Z,"Weekend:• Schedule for Week of July 6, 2025
Monday:• No major economic releases scheduled.
From CNBC: Pre-Market Data and Bloomberg futures S&amp;P 500 are down 22 and DOW futures are down 112 (fai… [+427 chars]"
13,"{'id': None, 'name': 'Calculatedriskblog.com'}",Calculated Risk,Sunday Night Futures,"Weekend:  • Schedule for Week of July 20, 2025   Monday:  • No major economic releases scheduled.   From CNBC: Pre-Market Data  and Bloomber...",https://www.calculatedriskblog.com/2025/07/sunday-night-futures_20.html,,2025-07-20T22:21:00Z,"Weekend:• Schedule for Week of July 20, 2025
Monday:• No major economic releases scheduled.
From CNBC: Pre-Market Data and Bloomberg futures S&amp;P 500 are down 2 and DOW futures are down 33 (fair… [+428 chars]"
14,"{'id': None, 'name': 'Calculatedriskblog.com'}",Calculated Risk,Sunday Night Futures,"Weekend:  • Schedule for Week of July 20, 2025   Monday:  • At 10:00 AM ET, the Q2 2025 Housing Vacancies and Homeownership  from the Census...",https://www.calculatedriskblog.com/2025/07/sunday-night-futures_27.html,,2025-07-27T23:46:00Z,"Weekend:• Schedule for Week of July 20, 2025
Monday:• At 10:00 AM ET, the Q2 2025 Housing Vacancies and Homeownership from the Census Bureau.
• At 10:30 AM, Dallas Fed Survey of Manufacturing Activ… [+546 chars]"
15,"{'id': None, 'name': 'Calculatedriskblog.com'}",Calculated Risk,Sunday Night Futures,"Weekend:  • Schedule for Week of July 13, 2025   Monday:  • No major economic releases scheduled.   From CNBC: Pre-Market Data  and Bloomber...",https://www.calculatedriskblog.com/2025/07/sunday-night-futures_13.html,,2025-07-13T22:13:00Z,"Weekend:• Schedule for Week of July 13, 2025
Monday:• No major economic releases scheduled.
From CNBC: Pre-Market Data and Bloomberg futures S&amp;P 500 are down 26 and DOW futures are down 185 (fa… [+428 chars]"
16,"{'id': None, 'name': 'Yahoo Entertainment'}",Venkatesh,Energy Transfer Strengthens Dividend Following Export Policy Reversal,Energy Transfer LP (NYSE:ET) is one of the 12 Best MLP Dividend Stocks to Buy According to Analysts. BIS has rescinded the license requirement for exporting ...,https://finance.yahoo.com/news/energy-transfer-strengthens-dividend-following-131428312.html,https://s.yimg.com/ny/api/res/1.2/7unfpBxPKwE.0uHkDX7t9Q--/YXBwaWQ9aGlnaGxhbmRlcjt3PTEyMDA7aD02NzM-/https://media.zenfs.com/en/insidermonkey.com/a97f111c62451e82df1b503f29d424ac,2025-07-11T13:14:28Z,"Energy Transfer LP (NYSE:ET) is one of the 12 Best MLP Dividend Stocks to Buy According to Analysts.
BIS has rescinded the license requirement for exporting ethane to China or Chinese military end u… [+1792 chars]"
17,"{'id': 'business-insider', 'name': 'Business Insider'}",Huileng Tan,"Russia is pouring money into its war machine — but it's still struggling to create new, advanced systems",Russia is set to spend 6.3% of its GDP on defense this year — a post-Cold War high.,https://www.businessinsider.com/russia-economy-war-machine-military-defense-spending-advanced-systems-innovation-2025-7,https://i.insider.com/688072c8f748d8c055f61ab0?width=1200&format=jpeg,2025-07-23T09:35:55Z,"Russian President Vladimir Putin's administration has been spending record sums on military needs in recent years.Gavriil Grigorov/Pool/AFP/Getty Images
<ul><li>Russia's defense spending has hit rec… [+3863 chars]"
18,"{'id': None, 'name': 'Slashdot.org'}",BeauHD,CoreWeave Data Center To Double City's Power Needs,"An anonymous reader quotes a report from Bloomberg: CoreWeave is expanding a data center that is projected to double the electricity needs of a city near Dallas, another example of the strains that artificial intelligence workloads are placing on the US power…",https://hardware.slashdot.org/story/25/07/14/2337208/coreweave-data-center-to-double-citys-power-needs,https://a.fsdn.com/sd/topics/power_64.png,2025-07-15T13:00:00Z,"CoreWeave is expanding a data center that is projected to double the electricity needs of a city near Dallas, another example of the strains that artificial intelligence workloads are placing on the … [+2427 chars]"
19,"{'id': None, 'name': 'Volts.wtf'}",David Roberts,Solar+storage is so much farther along than you think,On how plummeting battery prices make 24/7 solar power a reality today.,https://www.volts.wtf/p/solarstorage-is-so-much-farther-along,"https://substackcdn.com/image/fetch/$s_!Ip8M!,w_1200,h_600,c_fill,f_jpg,q_auto:good,fl_progressive:steep,g_auto/https%3A%2F%2Fsubstack-video.s3.amazonaws.com%2Fvideo_upload%2Fpost%2F167237805%2Fbd7aab5a-219b-496e-ba7a-5e6fc36e873b%2Ftranscoded-1752615060.png",2025-07-21T16:31:57Z,"I chat with Kostantsa Rangelova and Dave Jones, authors of a new Ember report, who find that solar-plus-storage costs have declined so much that it can now provide baseload-level power in sunny citie… [+60171 chars]"
20,"{'id': None, 'name': 'BBC News'}",,​​What is inside the GHF aid box being distributed in Gaza,"BBC Verify examines aid boxes being handed out to Gazans, but their nutritional value is questioned by some experts.",https://www.bbc.com/news/articles/cd787er1qz4o,https://ichef.bbci.co.uk/news/1024/branded_news/7108/live/76572300-68a5-11f0-89ea-4d6f9851f623.jpg,2025-07-25T23:41:52Z,"Kevin Nguyen and Alex Murray
More than two million Palestinians in Gaza are facing a starvation crisis, with deaths from malnutrition rising by the day, according to the United Nations.
The Gaza Hu… [+4122 chars]"
21,"{'id': None, 'name': 'Yahoo Entertainment'}",Nissa Darbonne,Scott Sheffield Bashes Exxon Mobil After FTC Clears Him,"Former Pioneer Natural Resources CEO Scott Sheffield told Hart Energy, “For now, I remain one of Exxon’s largest individual shareholders and as such will...",https://finance.yahoo.com/news/scott-sheffield-bashes-exxon-mobil-103635654.html,https://s.yimg.com/ny/api/res/1.2/vbmWmKvSNu7CLtelli5taQ--/YXBwaWQ9aGlnaGxhbmRlcjt3PTEyMDA7aD05NTg-/https://media.zenfs.com/en/hart_energy_160/3bb51dc9c62f23dd8ebf2c458cac3fba,2025-07-18T10:36:35Z,"The Federal Trade Commission (FTC) revoked a 2024 decision prohibiting former Pioneer Natural Resources CEO Scott Sheffield from holding an Exxon Mobil position.
But after winning the clearance, She… [+3086 chars]"
22,"{'id': 'abc-news', 'name': 'ABC News'}",Max Zahn,"Inflation report to arrive as Trump, Fed disagree over tariff risks","Inflation has cooled this year, defying the fears of many economists.",https://abcnews.go.com/US/inflation-report-arrive-trump-fed-disagree-tariff-risks/story?id=123735983,https://i.abcnewsfe.com/a/b16761f0-a88e-4a2f-9f4a-fd9309b0b7a7/department-store-shopping-gty-jef-250624_1750772909541_hpMain_16x9.jpg?w=1600,2025-07-15T09:02:24Z,"An inflation report to be released on Tuesday will mark the latest test for President Donald Trump's tariff policy, which so far has averted the resurgence of inflation that many economists expected.… [+3142 chars]"
23,"{'id': None, 'name': 'NPR'}",Carrie Kahn,Brazil's Lula warns of 50% tariffs on U.S. goods after Trump trade threat,"Brazil's President Lula is firing back at Trump's 50% tariff threat — saying Brazil is ready to match any U.S. import taxes, dollar for dollar.",https://www.npr.org/2025/07/10/nx-s1-5463508/brazil-lula-trump-tariffs,https://npr.brightspotcdn.com/dims3/default/strip/false/crop/6000x3375+0+313/resize/1400/quality/100/format/jpeg/?url=http%3A%2F%2Fnpr-brightspot.s3.amazonaws.com%2Fbb%2F17%2F8c524c644d50a44a472d0f1ff754%2Fgettyimages-2223795979.jpg,2025-07-10T20:30:32Z,"RIO DE JANEIRO, Brazil Brazilian President Luiz Inácio Lula da Silva says the U.S. must respect his country and he's ready to impose retaliatory tariffs if President Donald Trump goes ahead with a th… [+2773 chars]"
24,"{'id': None, 'name': 'Yahoo Entertainment'}",Nilanjan Banerjee,Pick Enbridge Stock Over Enterprise Products in Today's Energy Market?,"ENB outpaces EPD with stronger cash flow stability, clean energy investments and rising 2025 earnings estimates.",https://finance.yahoo.com/news/pick-enbridge-stock-over-enterprise-143000162.html,https://media.zenfs.com/en/zacks.com/9ce82b97eea8b86645c0f5ef96de195f,2025-07-25T14:30:00Z,"Enbridge Inc. ENB and Enterprise Products Partners EPD are two midstream energy giants. Given the nature of their business model, where shippers utilize their oil and gas storage and transportation a… [+2326 chars]"
25,"{'id': None, 'name': 'Www.bsc.es'}",,Countries across the world see food price shocks from climate extremes,"&quot;Until we get to net-zero emissions, extreme weather will only get worse, and it&amp;#39;s already damaging crops and pushing up the price of food all over the world,&amp;rdquo; said Maximilian Kot",https://www.bsc.es/news/bsc-news/countries-across-the-world-see-food-price-shocks-climate-extremes-research-involving-bsc-shows,https://www.bsc.es/sites/default/files/public/styles/thumbnail/public/bscw2/content/news/horizontal-image/adobestock_115149363.jpeg?itok=jFqr7UW_,2025-07-23T03:57:02Z,"""Until we get to net-zero emissions, extreme weather will only get worse, and it's already damaging crops and pushing up the price of food all over the world,” said Maximilian Kotz, BSC researcher an… [+8132 chars]"
26,"{'id': 'business-insider', 'name': 'Business Insider'}","Brent D. Griffiths,Jordan Pandy",These 11 companies have left California over the years,"McKesson, Chevron, and Tesla are among the biggest companies to leave California in recent years.",https://www.businessinsider.com/companies-leaving-california-list-2025-7,https://i.insider.com/6883e7ed85e81483682eba5a?width=1200&format=jpeg,2025-07-27T09:14:02Z,"Many of the big companies that have left California had their roots in San Francisco and the Bay Area.Justin Sullivan/Getty Images
<ul><li>Big companies continue to leave California.</li><li>Overall… [+7394 chars]"
27,"{'id': None, 'name': 'Yahoo Entertainment'}",Elena Fabrichnaya,"Exclusive-Russia's VTB to gain billions of roubles if interest rates come down, CFO says","ST PETERSBURG, Russia (Reuters) -Every 1% cut in central bank interest rates gives Russia's VTB Bank an extra 20 billion roubles ($250 million) in net profit...",https://ca.finance.yahoo.com/news/exclusive-russias-vtb-gain-billions-131853941.html,https://media.zenfs.com/en/reuters.com/a03165980348ff2abe044c6c858978d9,2025-07-04T13:18:53Z,"By Elena Fabrichnaya
ST PETERSBURG, Russia (Reuters) -Every 1% cut in central bank interest rates gives Russia's VTB Bank an extra 20 billion roubles ($250 million) in net profit, CFO Dmitry Pyanov … [+3354 chars]"
28,"{'id': None, 'name': 'Thekitchn.com'}",Ali Domrongchai,The “Delicious” Pantry Staple I’ve Eaten Every Morning This Week,"It’s the best.
READ MORE...",https://www.thekitchn.com/cocomo-coconut-peanut-butter-review-23734857,"https://cdn.apartmenttherapy.info/image/upload/f_auto,q_auto:eco,c_fill,g_auto,w_1500,ar_3:2/tk%2Fedit%2Fgroceries%2F2025%2F2025-07%2Fcocomo-spread%2Fcocomo-spread-5",2025-07-11T12:30:00Z,"We independently select these products—if you buy from one of our links, we may earn a commission. All prices were accurate at the time of publishing.
One of my favorite ways to get out of monotonou… [+2265 chars]"
29,"{'id': None, 'name': 'Forbes'}","Tom Aspray, Contributor, 
 Tom Aspray, Contributor
 https://www.forbes.com/sites/tomaspray/",Crude Oil ‘s Seasonal And Technical Outlook,The recent rally in crude oil prices turned some positive on the energy stocks and ETFs.  The Viper Report’s Tom Aspray shares his technical and seasonal outlook.,https://www.forbes.com/sites/tomaspray/2025/07/24/crude-oil-s-seasonal-and-technicals-outlook/,https://imageio.forbes.com/specials-images/imageserve/6881f402aea6a40c8f591f9c/0x0.jpg?format=jpg&height=900&width=1600&fit=bounds,2025-07-24T09:01:15Z,"NEW YORK - APRIL 7: Traders work in the oil futures pit at the New York Mercantile Exchange April ... More 7, 2005 in New York City. (Photo by Stephen Chernin/Getty Images)
Getty Images
The NYMEX l… [+2840 chars]"
30,"{'id': None, 'name': 'Yahoo Entertainment'}",Laila Kearney,Analysis-America's largest power grid is struggling to meet demand from AI,"HARRISBURG, Pennsylvania (Reuters) -America's largest power grid is under strain as data centers and AI chatbots consume power faster than new plants can be ...",https://finance.yahoo.com/news/analysis-americas-largest-power-grid-102252311.html,https://media.zenfs.com/en/reuters.com/057e7df6259b8d4764236098c22e6b6f,2025-07-09T10:22:52Z,"By Laila Kearney
HARRISBURG, Pennsylvania (Reuters) -America's largest power grid is under strain as data centers and AI chatbots consume power faster than new plants can be built.
Electricity bill… [+5368 chars]"
31,"{'id': None, 'name': 'The Atlantic'}",Rogé Karma,"The Most Perverse Part of the ‘Big, Beautiful Bill’",The Republican megabill could be setting America up for the worst energy-affordability crisis since the 1970s.,https://www.theatlantic.com/politics/archive/2025/07/congress-electricity-tax-cuts/683416/,https://cdn.theatlantic.com/thumbor/A-zzsct7zKWhKHcLRKTaheqP1l0=/0x43:2000x1085/1200x625/media/img/mt/2025/07/2025_electricity_up_bk2/original.jpg,2025-07-03T16:45:00Z,"Of all the elements of the One Big Beautiful Bill Act, perhaps none is as obviously self-defeating as getting rid of tax credits for clean energy. That decision will not simply set back the fight aga… [+8272 chars]"
32,"{'id': None, 'name': 'Gizmodo.com'}",Brittany Vincent,This 4.8-Star bella PRO 8-Qt Air Fryer Is Nearly 50% Off in a Best Buy Exclusive Deal to Counter Prime Day,Make meal time in a short time with this affordable Air Fryer for under $70.,https://gizmodo.com/this-4-8-star-bella-pro-8-qt-air-fryer-is-nearly-50-off-in-a-best-buy-exclusive-deal-to-counter-prime-day-2000621454,https://gizmodo.com/app/uploads/2025/06/bellapro-1200x675.jpg,2025-06-30T16:40:20Z,"An air fryer is one of the most versatile, most helpful devices you’ll ever add to your kitchen. The way it can take something that might require you to spend a while slaving over a hot oven and turn… [+2043 chars]"
33,"{'id': None, 'name': 'BBC News'}",,"Is the 'big, beautiful' India-US trade deal in trouble?","With days to go before 9 July, when the tariff pause ends, hopes persist but negotiations are tough.",https://www.bbc.com/news/articles/c625504qp3go,https://ichef.bbci.co.uk/news/1024/branded_news/3c75/live/5346c6b0-5638-11f0-b5c5-012c5796682d.jpg,2025-07-01T06:40:48Z,"Is the ""big, beautiful"" India-US trade deal slipping out of reach?
With just days to go before a 9 July deadline set by US President Donald Trump's administration, hopes of clinching an interim trad… [+5669 chars]"
34,"{'id': None, 'name': 'Biztoc.com'}",breakingthenews.net,Oil climbs 1% amid geopolitical tensions,"Crude oil prices rose by more than 1% on Thursday after Iraq stated that the recent attacks in the country's northern Kurdish region led to several oil facilities being shut down, slashing Iraq's oil ...",https://biztoc.com/x/da4d7086c4c07271,https://biztoc.com/cdn/da4d7086c4c07271_s.webp,2025-07-17T17:52:57Z,"Crude oil prices rose by more than 1% on Thursday after Iraq stated that the recent attacks in the country's northern Kurdish region led to several oil facilities being shut down, slashing Iraq's oil… [+69 chars]"
35,"{'id': None, 'name': 'The Atlantic'}",Ron Davis,The Biggest Myth About the YIMBY Movement,There’s nothing centrist or conservative about the push to lower housing costs.,https://www.theatlantic.com/ideas/archive/2025/07/housing-abundance-antitrust/683504/,https://cdn.theatlantic.com/thumbor/sZBmjmG47O81dQJMiv8W5jOa5Jo=/0x43:2000x1085/1200x625/media/img/mt/2025/07/2025_07_09_Davis_Democrats_Abundance_Antitrust-1/original.jpg,2025-07-14T11:30:00Z,"Over the past year, the conversation about housing affordability went national. Unfortunately, it brought with it all the contentiousness of a local-zoning-board meeting. The Democratic YIMBY (“yes i… [+9229 chars]"
36,"{'id': 'the-times-of-india', 'name': 'The Times of India'}",ET Now,Energy stocks unlikely to rally without crude surge: Anand Tandon,"Anand Tandon suggests limited near-term movement in the energy sector, favoring grid infrastructure investments over oil and solar. While geopolitical tensions and Russian oil sanctions exist, their impact is mitigated by weak global demand and refined produc…",https://economictimes.indiatimes.com/markets/expert-view/energy-stocks-unlikely-to-rally-without-crude-surge-anand-tandon/articleshow/122850324.cms,"https://img.etimg.com/thumb/msid-122850296,width-1200,height-630,imgsize-29628,overlay-etmarkets/articleshow.jpg",2025-07-23T04:49:04Z,"""In the near term, I dont expect any significant movement. The only change we might see is if crude prices rise sustainablythen ONGC might tick up slightly. On the power side, if we include that with… [+3635 chars]"
37,"{'id': 'the-times-of-india', 'name': 'The Times of India'}",Reuters,Oil rises on Japan trade deal and stronger demand indicated by US inventories,"Oil prices experienced a slight rebound in early trading on Wednesday, halting a three-day decline. This stabilization followed a U.S.-Japan trade agreement signaling tariff progress and a Reuters poll indicating a decrease in U.S. crude stockpiles, suggestin…",https://economictimes.indiatimes.com/markets/commodities/news/oil-rises-on-japan-trade-deal-and-stronger-demand-indicated-by-us-inventories/articleshow/122848179.cms,"https://img.etimg.com/thumb/msid-122848193,width-1200,height-630,imgsize-746334,overlay-etmarkets/articleshow.jpg",2025-07-23T01:47:43Z,BEIJING -Oil prices steadied in early trading on Wednesday after falling for three consecutive sessions as a U.S. trade deal with Japan signaled progress on tariffs and a poll showed U.S. crude stock… [+1521 chars]
38,"{'id': None, 'name': 'Biztoc.com'}",barchart.com,Crude Oil Prices Slip on Concerns of a Mounting Global Oil Supply Glut,,https://biztoc.com/x/d734282101f4ff47,https://biztoc.com/cdn/950/og.png,2025-07-21T19:32:57Z,"{ window.open(this.href, '_blank'); }, 200); return false;""&gt;Why is Opendoor stock surging again? { window.open(this.href, '_blank'); }, 200); return false;""&gt;How did Trump tariffs impact Stellan… [+707 chars]"
39,"{'id': None, 'name': 'Biztoc.com'}",reuters.com,India's oil minister sees scope for lower fuel prices if crude prices remain stable,,https://biztoc.com/x/49e0d26af3629c7b,https://biztoc.com/cdn/49e0d26af3629c7b_s.webp,2025-07-17T10:07:16Z,"{ window.open(this.href, '_blank'); }, 200); return false;""&gt;Why is Trump unlikely to fire Fed Chair Powell? { window.open(this.href, '_blank'); }, 200); return false;""&gt;How did Nvidias AI chip s… [+765 chars]"
40,"{'id': None, 'name': '/FILM'}",staff@slashfilm.com (Kieran Fisher),Why Taylor Sheridan's Landman Is Being Sued Over One Scene,"As though Taylor Sheridan didn't have enough to do already, his show Landman is being sued by the estate of the late radio broadcaster Paul Harvey. Here's why.",https://www.slashfilm.com/1909921/taylor-sheridan-landman-paul-harvey-broadcaster-estate-lawsuit/,https://www.slashfilm.com/img/gallery/why-taylor-sheridans-landman-is-being-sued-over-one-scene/l-intro-1752261559.jpg,2025-07-16T03:00:00Z,"Taylor Sheridan sued one of the main actors on ""Yellowstone"" over trademark infringement, so it's safe to say that he's dealt with his fair share of legal drama. However, the prolific creator might h… [+1490 chars]"
41,"{'id': None, 'name': 'Forbes'}","Gaurav Sharma, Senior Contributor, 
 Gaurav Sharma, Senior Contributor
 https://www.forbes.com/sites/gauravsharma/",Oil Market Heading For Surplus In 2025 On Latest OPEC+ Output Hike,"Another tussle for oil market share at low prices beckons, after OPEC+ producers announced a higher than expected crude production hike that may cause a supply glut.",https://www.forbes.com/sites/gauravsharma/2025/07/06/oil-market-heading-for-surplus-in-2025-on-latest-opec-output-hike/,https://imageio.forbes.com/specials-images/imageserve/686aade3452f8fdd885ce237/0x0.jpg?format=jpg&height=900&width=1600&fit=bounds,2025-07-06T18:48:28Z,"An oil storage facility in Groot-Ammers, The Netherlands.
getty
The global oil market is likely heading for a surplus this year following a higher than expected production hike by OPEC+ over the we… [+3502 chars]"
42,"{'id': None, 'name': 'Biztoc.com'}",barchart.com,Heightened Trade Tensions Weigh on Crude Oil Prices,"Get your Portfolio automatically emailed to you up to 4 times a day with Barchart Premier.
FREE 30 Day Trial
- Market Pulse
- VolatilityVolume & Open InterestHorizontal StrategiesButterfly Strategies
-
- Market PulseResourcesEuropean FuturesEuropean Groupings…",https://biztoc.com/x/96c125e0e170acdd,https://biztoc.com/cdn/96c125e0e170acdd_s.webp,2025-07-14T15:42:36Z,Get your Portfolio automatically emailed to you up to 4 times a day with Barchart Premier.FREE 30 Day Trial- Market Pulse- VolatilityVolume &amp; Open InterestHorizontal StrategiesButterfly Strategie… [+138 chars]
43,"{'id': None, 'name': 'Biztoc.com'}",theglobeandmail.com,Oil prices steady on easing Middle East risks,"Oil prices held steady on Monday as Middle East risks eased while a possible OPEC+ output increase in August and uncertainty over the global demand outlook weighed on the market. 
Brent crude futures edged down by 13 cents, or 0.2 per cent, to US$67.64 a barr…",https://biztoc.com/x/149a0aaaeaf6ddbf,https://biztoc.com/cdn/149a0aaaeaf6ddbf_s.webp,2025-06-30T13:10:01Z,Oil prices held steady on Monday as Middle East risks eased while a possible OPEC+ output increase in August and uncertainty over the global demand outlook weighed on the market. Brent crude futures … [+152 chars]
44,"{'id': 'al-jazeera-english', 'name': 'Al Jazeera English'}",Maximilian Hess,"Trump talks tough on Russia, but will he follow through?","Trump’s threats over oil and missiles mark a shift on Ukraine - but without allies, they may be empty talk.",https://www.aljazeera.com/opinions/2025/7/18/trump-talks-tough-on-russia-but-will-he-follow-through,https://www.aljazeera.com/wp-content/uploads/2025/07/reuters_6870f108-1752232200.jpg?resize=1920%2C1248,2025-07-18T14:42:37Z,"On July 14, United States President Donald Trump teased a sea change in his approach to Russias war against Ukraine. Trump declared he would send significant additional air defence units to Ukraine, … [+7860 chars]"
45,"{'id': None, 'name': 'Yahoo Entertainment'}",Ben Werschkul,"Last-minute changes to Senate’s 'big, beautiful bill' stun clean energy industry (and Elon Musk)",The Senate is making a final push to advance President Trump's signature legislation this week with a flurry of last-minute changes that have stunned the...,https://finance.yahoo.com/news/last-minute-changes-to-senates-big-beautiful-bill-stun-clean-energy-industry-and-elon-musk-124435220.html,https://s.yimg.com/ny/api/res/1.2/e11hTkhkC_cgDe0KT0ID9A--/YXBwaWQ9aGlnaGxhbmRlcjt3PTEyMDA7aD04MDE-/https://s.yimg.com/os/creatr-uploaded-images/2025-06/f4d869f0-559f-11f0-b6ec-4cfd6875e753,2025-06-30T12:44:35Z,The Senate is making a final push to advance President Trump's signature legislation with a flurry of last-minute changes that stunned Elon Musk and the already besieged clean energy industry while o… [+7148 chars]
46,"{'id': None, 'name': 'Yahoo Entertainment'}",Editor OilPrice.com,Why Oil Prices Could See a Significant Upside Shift,"Standard Chartered believes the market significantly overestimates OPEC's spare oil production capacity, suggesting a potential $15/barrel upside for oil...",https://finance.yahoo.com/news/why-oil-prices-could-see-230000043.html,https://media.zenfs.com/en/oilprice.com/10110091c113f37661ec7972a96b8ff2,2025-07-17T23:00:00Z,"The 9th OPEC International Seminar was held in Vienna a week ago, wherein participants discussed energy security, investment, climate change, and energy poverty, with a particular emphasis on balanci… [+4895 chars]"
47,"{'id': 'business-insider', 'name': 'Business Insider'}",Anneta Konstantinides,"I upgraded to premium economy for a 13-hour flight on a budget airline. It lacked some perks, but it was still worth the price.",I flew premium economy on a long-haul Norse Atlantic Airways flight. The comfortable seat and extra legroom made the upgrade feel worth it.,https://www.businessinsider.com/norse-atlantic-airways-premium-economy-review-2025-7,https://i.insider.com/68701a48f748d8c055f5644f?width=1200&format=jpeg,2025-07-11T11:42:01Z,"I flew on Norse Atlantic Airways for the first time. Here's what it was like in premium economy.Anneta Konstantinides/Business Insider
<ul><li>I recently flew Norse Atlantic Airways for the first ti… [+10824 chars]"
48,"{'id': None, 'name': 'Thekitchn.com'}",Melissa Kravitz Hoeffner,"I Rarely Ever Use Store-Bought Dressing, but This Vinaigrette Is Way Better Than Homemade","“It’s super versatile.”
READ MORE...",https://www.thekitchn.com/california-olive-ranch-lemon-white-balsamic-vinaigrette-review-23735327,"https://cdn.apartmenttherapy.info/image/upload/f_auto,q_auto:eco,c_fill,g_auto,w_1500,ar_3:2/k%2FEdit%2F2021-05-12_ATK1123-cropped",2025-07-13T14:30:00Z,"We independently select these products—if you buy from one of our links, we may earn a commission. All prices were accurate at the time of publishing.
I love to make dressings, marinades, and sauces… [+3010 chars]"
49,"{'id': None, 'name': 'Barchart.com'}",Rich Asplund,Crude Oil Strength Lifts Sugar Prices,"October NY world sugar #11 (SBV25 ) today is up +0.24 (+1.48%), and August London ICE white sugar #5 (SWQ25 ) is up +6.30 (+1.31%). Sugar prices are moving...",https://www.barchart.com/story/news/33354036/crude-oil-strength-lifts-sugar-prices,https://s.yimg.com/ny/api/res/1.2/TOsrd3IvxD6ysI0_2fgKyw--/YXBwaWQ9aGlnaGxhbmRlcjt3PTEyMDA7aD04MDE-/https://media.zenfs.com/en/barchart_com_477/7c4b87f0b7b08e35a737c9053c1b7676,2025-07-11T16:30:25Z,"Sieve of confectioners sugar by Pezibear via Pixabay
October NY world sugar #11 (SBV25) today is up +0.24 (+1.48%), and August London ICE white sugar #5 (SWQ25) is up +6.30 (+1.31%).
Sugar prices a… [+5101 chars]"
50,"{'id': None, 'name': 'Barchart.com'}",Rich Asplund,Concerns About Waning Global Energy Demand Pressure Crude Prices,"August WTI crude oil (CLQ25 ) today is down -1.35 (-1.97%), and August RBOB gasoline (RBQ25 ) is down -0.0361 (-1.65%). Crude oil and gasoline prices today...",https://www.barchart.com/story/news/33328949/concerns-about-waning-global-energy-demand-pressure-crude-prices,https://s.yimg.com/ny/api/res/1.2/87R1hBQnJaq_bwiwiDN_4g--/YXBwaWQ9aGlnaGxhbmRlcjt3PTEyMDA7aD04MDA-/https://media.zenfs.com/en/barchart_com_477/9e9a4609211d2a5ea34e169b72b63b2d,2025-07-10T15:40:37Z,"Stacked oil barrels by JONGHO SHIN via iStock
August WTI crude oil (CLQ25) today is down -1.35 (-1.97%), and August RBOB gasoline (RBQ25) is down -0.0361 (-1.65%).
Crude oil and gasoline prices tod… [+3871 chars]"
51,"{'id': None, 'name': 'Barchart.com'}",Rich Asplund,Crude Prices Supported by Elevated Risks in the Middle East,"August WTI crude oil (CLQ25 ) today is up +0.24 (+0.35%), and August RBOB gasoline (RBQ25 ) closed up +0.0340 (+1.58%). Crude oil and gasoline prices are...",https://www.barchart.com/story/news/33274995/crude-prices-supported-by-elevated-risks-in-the-middle-east,https://s.yimg.com/ny/api/res/1.2/WcuIvLCux1NTgnh1FCG__w--/YXBwaWQ9aGlnaGxhbmRlcjt3PTEyMDA7aD04MDA-/https://media.zenfs.com/en/barchart_com_477/ca88e087f12a3f8d2cc35756e5cb650e,2025-07-08T15:42:22Z,"Oil tanker in open sea by StockStudio via Shutterstock
August WTI crude oil (CLQ25) today is up +0.24 (+0.35%), and August RBOB gasoline (RBQ25) closed up +0.0340 (+1.58%).
Crude oil and gasoline p… [+3413 chars]"
52,"{'id': None, 'name': 'Barchart.com'}",Rich Asplund,Red Sea Attacks by Houthi Rebels Lift Crude Prices,"August WTI crude oil (CLQ25 ) on Tuesday closed up +0.40 (+0.59%), and August RBOB gasoline (RBQ25 ) closed up +0.0328 (+1.52%). Crude oil and gasoline...",https://www.barchart.com/story/news/33279482/red-sea-attacks-by-houthi-rebels-lift-crude-prices,https://s.yimg.com/ny/api/res/1.2/mbxuyLeNLvE9JISwcduKrQ--/YXBwaWQ9aGlnaGxhbmRlcjt3PTEyMDA7aD05MDA-/https://media.zenfs.com/en/barchart_com_477/09451fa03336c1633f2a4f36d6866025,2025-07-08T19:23:44Z,"An oil tanker out at sea by Gerhard Traschutz via Pixabay
August WTI crude oil (CLQ25) on Tuesday closed up +0.40 (+0.59%), and August RBOB gasoline (RBQ25) closed up +0.0328 (+1.52%).
Crude oil an… [+3590 chars]"
53,"{'id': None, 'name': 'Barchart.com'}",Rich Asplund,Concerns of a Global Crude Oil Glut Undercut Prices,"August WTI crude oil (CLQ25 ) on Friday closed down -0.20 (-0.30%), and August RBOB gasoline (RBQ25 ) closed down -0.0170 (-0.78%). Crude oil prices gave up ...",https://www.barchart.com/story/news/33501532/concerns-of-a-global-crude-oil-glut-undercut-prices,https://media.zenfs.com/en/barchart_com_477/5eb114cb4f1248050427a6c995a38dd1,2025-07-18T19:18:50Z,"Two oil barrels on ground by Phototreat via iStock
August WTI crude oil (CLQ25) on Friday closed down -0.20 (-0.30%), and August RBOB gasoline (RBQ25) closed down -0.0170 (-0.78%).
Crude oil prices… [+5012 chars]"
54,"{'id': None, 'name': 'Barchart.com'}",Rich Asplund,Heightened Trade Tensions Weigh on Crude Oil Prices,"August WTI crude oil (CLQ25 ) today is down -1.11 (-1.62%), and August RBOB gasoline (RBQ25 ) is down -0.0284 (-1.30%). Crude oil and gasoline prices today...",https://www.barchart.com/story/news/33388064/heightened-trade-tensions-weigh-on-crude-oil-prices,https://s.yimg.com/ny/api/res/1.2/qEk.H2y6Wd7iX2Yk8vNy4w--/YXBwaWQ9aGlnaGxhbmRlcjt3PTEyMDA7aD04MjE-/https://media.zenfs.com/en/barchart_com_477/4c89ddf8d0de2c99d2c9278832a0761a,2025-07-14T15:37:50Z,"Crude Oil pumpjack at sunset by Zbynek Burival via Unsplash
August WTI crude oil (CLQ25) today is down -1.11 (-1.62%), and August RBOB gasoline (RBQ25) is down -0.0284 (-1.30%).
Crude oil and gasol… [+4587 chars]"
55,"{'id': None, 'name': 'Thekitchn.com'}",Ann Taylor Pittman,The Best Way to Grill Boneless Chicken Thighs Is Super Fast,"No need to plan ahead.
READ MORE...",https://www.thekitchn.com/grilled-chicken-thighs-skills-showdown-23733850,"https://cdn.apartmenttherapy.info/image/upload/f_auto,q_auto:eco,c_fill,g_auto,w_1500,ar_3:2/k%2FDesign%2F2025%2F07-2025%2Fchicken-thigh-showdown%2Fk-chicken-thigh-showdown-Lead",2025-07-10T14:00:00Z,"We independently select these products—if you buy from one of our links, we may earn a commission. All prices were accurate at the time of publishing.
When it comes to grilling meat, its hard to bea… [+7825 chars]"
56,"{'id': 'al-jazeera-english', 'name': 'Al Jazeera English'}",Al Jazeera,"EU hits Russian oil, shadow fleet with new sanctions over Ukraine war",European Union says move amounts to one of the strongest sanctions packages against Russia to date linked to the war.,https://www.aljazeera.com/news/2025/7/18/eu-hits-russian-oil-shadow-fleet-with-new-sanctions-over-ukraine-war,https://www.aljazeera.com/wp-content/uploads/2024/07/AFP__20040713__PAR2004071349724__v1__HighRes__ToGoWithAfpStoryNovorossiiskPorteDExpo-1719995604.jpg?resize=1920%2C1216,2025-07-18T08:07:19Z,"The European Union has approved a new raft of stiff sanctions against Russia over its war in Ukraine, including a lower oil price cap, a ban on transactions with Nord Stream gas pipelines, and the ta… [+3044 chars]"
57,"{'id': None, 'name': 'Apartment Therapy'}",Patty Catalano,The $6 Aldi Grocery I’m Stocking in My Freezer All Summer Long (Perfect for Parties),"They come in a container of … 50!
READ MORE...",https://www.apartmenttherapy.com/aldi-specially-selected-mini-cream-puffs-review-37495625,"https://cdn.apartmenttherapy.info/image/upload/f_auto,q_auto:eco,c_fill,g_auto,w_1500,ar_3:2/stock%2Fshutterstock_1672603831-tk",2025-07-17T19:30:00Z,"We independently select these products—if you buy from one of our links, we may earn a commission. All prices were accurate at the time of publishing.
Shopping at Aldi has been a part of my grocery … [+2541 chars]"
58,"{'id': None, 'name': 'Thekitchn.com'}",Brittany Gibson,I Never Toss Wilted Herbs That Are About to Go Bad — I Always Do This Brilliant Trick Instead,"It’s perfect for summer!
READ MORE...",https://www.thekitchn.com/lemon-herbs-ice-cubes-23736103,"https://cdn.apartmenttherapy.info/image/upload/f_auto,q_auto:eco,c_fill,g_auto,w_1500,ar_3:2/stock%2Fgettyimages-813603896",2025-07-19T12:45:00Z,"We independently select these products—if you buy from one of our links, we may earn a commission. All prices were accurate at the time of publishing.
Im an iced drink girl year-round. Iced coffee, … [+2204 chars]"
59,"{'id': None, 'name': 'Barchart.com'}",Rich Asplund,Crude Prices Climb on Energy Demand Optimism and Middle East Tensions,"August WTI crude oil (CLQ25 ) Monday closed up +0.93 (+1.39%), and August RBOB gasoline (RBQ25 ) closed up +0.0336 (+1.59%). Oil prices recovered from early ...",https://www.barchart.com/story/news/33253599/crude-prices-climb-on-energy-demand-optimism-and-middle-east-tensions,https://s.yimg.com/ny/api/res/1.2/4q6RnA5BQJiEwZBnW4rgDA--/YXBwaWQ9aGlnaGxhbmRlcjt3PTEyMDA7aD04MDA-/https://media.zenfs.com/en/barchart_com_477/7b665580bf6413d64189c949c0fee308,2025-07-07T19:20:38Z,"Filling a vehicle with Biofuel by Scharfsinn via Shutterstock
August WTI crude oil (CLQ25) Monday closed up +0.93 (+1.39%), and August RBOB gasoline (RBQ25) closed up +0.0336 (+1.59%).
Oil prices r… [+3333 chars]"
60,"{'id': None, 'name': 'Barchart.com'}",Rich Asplund,Crude Oil Prices Fall on Concern Tariffs Will Slow Growth and Energy Demand,"August WTI crude oil (CLQ25 ) today is down -1.01 (-1.50%), and August RBOB gasoline (RBQ25 ) is down -0.0306 (-1.44%). Crude oil and gasoline prices today...",https://www.barchart.com/story/news/33561253/crude-oil-prices-fall-on-concern-tariffs-will-slow-growth-and-energy-demand,https://s.yimg.com/ny/api/res/1.2/YLrDKIAeNPCO8UpFEEJSSA--/YXBwaWQ9aGlnaGxhbmRlcjt3PTEyMDA7aD03MjA-/https://media.zenfs.com/en/barchart_com_477/88b0dea2d0fa4f7872d42b175d523511,2025-07-22T15:43:09Z,"Floating oil rig in ocean by Keri Jackson via Pixabay
August WTI crude oil (CLQ25) today is down -1.01 (-1.50%), and August RBOB gasoline (RBQ25) is down -0.0306 (-1.44%).
Crude oil and gasoline pr… [+4701 chars]"
61,"{'id': None, 'name': 'Barchart.com'}",Rich Asplund,Energy Demand Optimism and Houthi Rebel Attacks on Red Sea Shipping Boost Crude Prices,"August WTI crude oil (CLQ25 ) today is up +0.59 (+0.88%), and August RBOB gasoline (RBQ25 ) is up +0.0243 (+1.15%). Oil prices today recovered from early...",https://www.barchart.com/story/news/33250312/energy-demand-optimism-and-houthi-rebel-attacks-on-red-sea-shipping-boost-crude-prices,https://s.yimg.com/ny/api/res/1.2/BxjfRaVKlEKEG_IGbC1IjA--/YXBwaWQ9aGlnaGxhbmRlcjt3PTEyMDA7aD04MDA-/https://media.zenfs.com/en/barchart_com_477/be26e7c56ab8991d1d89507f82c52ba0,2025-07-07T15:53:38Z,"A sunset over a fuel tanker by Sebastian via Pixabay
August WTI crude oil (CLQ25) today is up +0.59 (+0.88%), and August RBOB gasoline (RBQ25) is up +0.0243 (+1.15%).
Oil prices today recovered fro… [+3258 chars]"
62,"{'id': 'the-times-of-india', 'name': 'The Times of India'}",Reuters,"Oil edges down on expectations of more OPEC+ supply, tariff fears","Oil prices experienced a slight dip on Tuesday, influenced by expectations of increased OPEC+ output in August and anxieties surrounding a potential economic slowdown due to higher U.S. tariffs. The anticipated OPEC+ production hike of 411,000 barrels per day…",https://economictimes.indiatimes.com/markets/commodities/news/oil-edges-down-on-expectations-of-more-opec-supply-tariff-fears/articleshow/122171095.cms,"https://img.etimg.com/thumb/msid-122171110,width-1200,height-630,imgsize-104136,overlay-etmarkets/articleshow.jpg",2025-07-01T01:57:25Z,"Oil prices edged down on Tuesday, weighed by expectations of an OPEC+ output hike in August and concerns of an economic slowdown driven by prospects of higher U.S. tariffs.Brent crude futures for Sep… [+1714 chars]"
63,"{'id': None, 'name': 'Investopedia'}",Bill McColl,ExxonMobil Warns Falling Fuel Prices Will Pull Down Earnings,Exxon Mobil Corp. said lower oil and gas prices will impact current-quarter profit by up to $1.9 billion.,https://www.investopedia.com/exxon-mobil-warns-falling-fuel-prices-will-pull-down-earnings-11768029,https://s.yimg.com/ny/api/res/1.2/hwWGC1Vk1SkKzHG6WKDcqg--/YXBwaWQ9aGlnaGxhbmRlcjt3PTEyMDA7aD04MDA-/https://media.zenfs.com/en/investopedia_245/0ebf087bdf542ef17508eed8bc069f03,2025-07-08T14:02:34Z,"Kevin Carter / Getty Images
 The energy giant expects the earnings impact of the price drop in liquids would be between $800 million and $1.2 billion, and it sees falling natural gas prices affectin… [+1708 chars]"
64,"{'id': None, 'name': 'Yahoo Entertainment'}",,Crude Oil Prices Fall Due to a Focus on Oil Surplus,,https://consent.yahoo.com/v2/collectConsent?sessionId=1_cc-session_d5d3b13b-84d0-48c2-8874-6c7791349290,,2025-07-16T16:10:28Z,"If you click 'Accept all', we and our partners, including 236 who are part of the IAB Transparency &amp; Consent Framework, will also store and/or access information on a device (in other words, use … [+714 chars]"
65,"{'id': None, 'name': 'Yahoo Entertainment'}",,Iran Concerns and Dollar Weakness Support Crude Oil Prices,,https://consent.yahoo.com/v2/collectConsent?sessionId=1_cc-session_3d8e2989-4eeb-4055-85de-f79e94b1de5b,,2025-07-01T19:18:35Z,"If you click 'Accept all', we and our partners, including 237 who are part of the IAB Transparency &amp; Consent Framework, will also store and/or access information on a device (in other words, use … [+714 chars]"
66,"{'id': 'the-times-of-india', 'name': 'The Times of India'}",Kshitij Anand,ETMarkets Smart Talk: SBI Securities cautions against value traps; growth visibility key to attracting premium valuations,"SBI Securities' Sunny Agrawal anticipates a constructive second half for equity markets in 2025, driven by rate cuts, tax benefits, and revived capex. He suggests focusing on rate-sensitive sectors and themes like steel tubes and railway wagons. While geopoli…",https://economictimes.indiatimes.com/markets/expert-view/etmarkets-smart-talk-sbi-securities-cautions-against-value-traps-growth-visibility-key-to-attracting-premium-valuations/articleshow/122113139.cms,"https://img.etimg.com/thumb/msid-122113611,width-1200,height-630,imgsize-26270,overlay-etmarkets/articleshow.jpg",2025-06-30T03:30:00Z,"In this edition of ETMarkets Smart Talk, we speak with Sunny Agrawal, Head of Fundamental Research at SBI Securities Ltd, who shares his insights on market dynamics heading into the second half of 20… [+7262 chars]"
67,"{'id': None, 'name': 'Biztoc.com'}",finance.yahoo.com,Oil prices expected to drop below $60 on increasing OPEC+ supply,"In This Article:
Wall Street analysts predict oil futures will fall below $60 per barrel by the end of the year as the Organization of the Petroleum Exporting Countries (OPEC) and its allies boost output.
OPEC+ has been unwinding output cuts this year as it s…",https://biztoc.com/x/38c055a591c9d4d6,https://biztoc.com/cdn/38c055a591c9d4d6_s.webp,2025-07-07T17:39:14Z,In This Article:Wall Street analysts predict oil futures will fall below $60 per barrel by the end of the year as the Organization of the Petroleum Exporting Countries (OPEC) and its allies boost out… [+150 chars]
68,"{'id': None, 'name': 'Biztoc.com'}",barrons.com,"Oil Prices Are Inching Lower. How Exxon, Chevron and Other Stocks Are Impacted",,https://biztoc.com/x/e492ba4983419ce7,https://biztoc.com/cdn/950/og.png,2025-07-08T23:16:12Z,"{ window.open(this.href, '_blank'); }, 200); return false;""&gt;Why did Trump impose 50% copper tariffs? { window.open(this.href, '_blank'); }, 200); return false;""&gt;How will pharma tariffs impact U… [+687 chars]"
69,"{'id': None, 'name': 'Yahoo Entertainment'}",Jamie Stone,Here’s What It Costs To Charge a Tesla Monthly vs. Using Gas for a Nissan Altima,GOBankingRates decided to compare these two monthly operating costs to share valuable insight for budget-conscious consumers.,https://finance.yahoo.com/news/costs-charge-tesla-monthly-vs-151200130.html,https://s.yimg.com/ny/api/res/1.2/bBE9ja.645nUP4MZOqEaoQ--/YXBwaWQ9aGlnaGxhbmRlcjt3PTEyMDA7aD02NzU-/https://media.zenfs.com/en/gobankingrates_644/366660eaf44a9781aced218eaeb7062c,2025-07-14T15:12:00Z,"As electric vehicles (EV) continue to gain popularity, one of the most common questions potential EV buyers ask is about the real-world cost savings compared to traditional gas-powered vehicles.
Wit… [+6934 chars]"
70,"{'id': None, 'name': 'CNET'}",Katherine Watt,"Mortgage Rate Predictions: How Tariffs, War and the Fed Are Impacting Rates","Inflation, high interest rates and market uncertainty are impacting housing affordability this summer.",https://www.cnet.com/personal-finance/mortgages/mortgage-rate-predictions-how-tariffs-war-and-the-fed-are-impacting-rates/,https://www.cnet.com/a/img/resize/27c21aabdaf21bc6fd1e86e53460fd518c98f558/hub/2024/07/29/5090ba2f-9272-47a1-8cdf-a914b00cd178/weekly-mortgage-predictions-4.jpg?auto=webp&fit=crop&height=675&width=1200,2025-06-30T17:33:46Z,"Buyers should keep an eye on the possibility of rate cuts in the next few months. 
Tharon Green/CNET
Mortgage market predictions have been clouded by economic uncertainty caused by the Trump admini… [+6074 chars]"
71,"{'id': None, 'name': 'Vox'}",Umair Irfan,Trump’s plan to replace clean energy with fossil fuels has some major problems,"The first solar cell ever made was built in the United States. Tesla, based in the US, was once the largest EV manufacturer in the world. The lithium ion battery was codeveloped in the US. But today, China — not the US — is the largest manufacturer of solar c…",https://www.vox.com/climate/418563/trump-big-beautiful-bill-clean-energy-fossil-climate,,2025-07-02T16:59:33Z,"The Senate budget bill pares back incentives for renewable energy and aims to boost fossil fuels like coal.


The first solar cell ever made was built in the United States. Tesla, based in the US, w… [+5975 chars]"
72,"{'id': None, 'name': 'Barchart.com'}",Rich Asplund,Crude Oil Posts Modest Gains on Energy Demand Optimism,"August WTI crude oil (CLQ25 ) on Wednesday closed up +0.05 (+0.07%), and August RBOB gasoline (RBQ25 ) closed up +0.0029 (+0.13%). Crude oil and gasoline...",https://www.barchart.com/story/news/33307253/crude-oil-posts-modest-gains-on-energy-demand-optimism,https://s.yimg.com/ny/api/res/1.2/WcuIvLCux1NTgnh1FCG__w--/YXBwaWQ9aGlnaGxhbmRlcjt3PTEyMDA7aD04MDA-/https://media.zenfs.com/en/barchart_com_477/ca88e087f12a3f8d2cc35756e5cb650e,2025-07-09T19:31:13Z,"Oil tanker in open sea by StockStudio via Shutterstock
August WTI crude oil (CLQ25) on Wednesday closed up +0.05 (+0.07%), and August RBOB gasoline (RBQ25) closed up +0.0029 (+0.13%).
Crude oil and… [+3922 chars]"
73,"{'id': None, 'name': 'NPR'}",Anas Baba,"Knives, bullets and thieves: the quest for food in Gaza","NPR's Gaza producer faced Israeli military fire, private U.S. contractors pointing laser beams at his forehead and masked thieves as he tried to get food from a U.S.-supported group.",https://www.npr.org/2025/07/06/g-s1-75874/gaza-food-hunger-ghf,https://npr.brightspotcdn.com/dims3/default/strip/false/crop/6720x3780+0+350/resize/1400/quality/100/format/jpeg/?url=http%3A%2F%2Fnpr-brightspot.s3.amazonaws.com%2F85%2F61%2F58487bb041c2a4e8747f6869b4dc%2Fgettyimages-2221145339.jpg,2025-07-06T13:40:57Z,Editor's note: Anas Baba is NPR's producer in the Gaza Strip. His report is a rare account by a journalist inside a new food distribution site that the United States and Israel helped establish in th… [+10101 chars]
74,"{'id': None, 'name': 'Thedailyupside.com'}",Brian Boyle,OPEC+ Wants to Pump Its Way Back to the Top,"After roughly two straight years of production cuts to prop up falling prices, the oil cartel's newest problem is a shrinking market share.",https://www.thedailyupside.com/industries/energy/opec-wants-to-pump-its-way-back-to-the-top/,https://s.yimg.com/ny/api/res/1.2/sFgIsYstgYt5N4DNGWbzng--/YXBwaWQ9aGlnaGxhbmRlcjt3PTEyMDA7aD02NzU-/https://media.zenfs.com/en/the_daily_upside_435/c540669b9ccf957c3d335b1d3dd7b174,2025-07-03T04:01:00Z,"Photo by Getty Images via Unsplash
The oil-producing cartel OPEC+ seems to have a new mantra right in time for the summer: Just go with the flow. And right now, the oil pumps are flowing.
On Sunday… [+3219 chars]"
75,"{'id': None, 'name': 'Yahoo Entertainment'}",John Csiszar,"If You Had Invested in Oil Stocks During the Gulf War in the 1990s, Here’s How Much You’d Have Today","Oil prices initially spiked when the Gulf War began on August 2, 1990, as investors feared a global supply shutdown. However, as those fears subsided...",https://finance.yahoo.com/news/had-invested-oil-stocks-during-140409293.html,https://s.yimg.com/ny/api/res/1.2/YCaqd_gTkk22__WBDJv8XA--/YXBwaWQ9aGlnaGxhbmRlcjt3PTEyMDA7aD02NzU-/https://media.zenfs.com/en/gobankingrates_644/fa610cb006bd69b75586ace335492cc2,2025-07-11T14:04:09Z,"Oil prices initially spiked when the Gulf War began on August 2, 1990, as investors feared a global supply shutdown. However, as those fears subsided throughout the conflict, oil prices began steadil… [+3061 chars]"
76,"{'id': None, 'name': 'Barchart.com'}",Rich Asplund,Crude Oil Price Fall on Concern About Energy Demand,"August WTI crude oil (CLQ25 ) on Tuesday closed down -0.99 (-1.47%), and August RBOB gasoline (RBQ25 ) closed down -0.0300 (-1.41%). Crude oil and gasoline...",https://www.barchart.com/story/news/33565865/crude-oil-price-fall-on-concern-about-energy-demand,https://s.yimg.com/ny/api/res/1.2/2Nc6sv9BGm5iOVVR1TyL8w--/YXBwaWQ9aGlnaGxhbmRlcjt3PTEyMDA7aD04MDA-/https://media.zenfs.com/en/barchart_com_477/2831b0f46d658ccd7a821e1ab27a2042,2025-07-22T19:30:05Z,"Offshore oil platform in ocean by Wirestock via iStock
August WTI crude oil (CLQ25) on Tuesday closed down -0.99 (-1.47%), and August RBOB gasoline (RBQ25) closed down -0.0300 (-1.41%).
Crude oil a… [+4907 chars]"
77,"{'id': None, 'name': 'Forbes'}","Ian Dexter Palmer, Ph.D., Contributor, 
 Ian Dexter Palmer, Ph.D., Contributor
 https://www.forbes.com/sites/ianpalmer/",Black Oil And Green Energy In Mega Bill Will Boost Oil But Cost U.S.,This policy will lead to more expensive electricity in the U.S. and a serious delay in the race against China for AI dominance.,https://www.forbes.com/sites/ianpalmer/2025/07/14/black-oil-and-green-energy-in-mega-bill-will-boost-oil-but-cost-us/,https://imageio.forbes.com/specials-images/imageserve/6875015b3833d6460acda11e/0x0.jpg?format=jpg&height=900&width=1600&fit=bounds,2025-07-14T13:15:16Z,"Workers extracting oil in the Permian Basin in Midland, Texas. 
Getty Images
Energy policy in the U.S. has changed dramatically since OBBBA (One Big Beautiful Bill Act) has been signed into law. Th… [+6567 chars]"
78,"{'id': None, 'name': 'Vox'}",Umair Irfan,Why your energy bill is suddenly so much more expensive,"Americans are paying more for electricity, and those prices are set to rise even further. In almost all parts of the country, the amount people pay for electricity on their power bills — the retail price — has risen faster than the rate of inflation since 202…",https://www.vox.com/climate/420887/electricity-energy-bill-expensive-prices-rising,https://platform.vox.com/wp-content/uploads/sites/2/2025/07/GettyImages-1316185179.jpg?quality=90&strip=all&crop=0%2C10.732984293194%2C100%2C78.534031413613&w=1200,2025-07-23T22:42:20Z,"Energy infrastructure is increasingly driving higher electricity prices.


Americans are paying more for electricity, and those prices are set to rise even further.

In almost all parts of the count… [+7876 chars]"
79,"{'id': None, 'name': 'CNET'}",Katherine Watt,Mortgage Predictions for July: Will Rates Continue Falling?,"Fed rate cuts are still on the table this year, but stronger-than-expected job data will keep policymakers on hold this month.",https://www.cnet.com/personal-finance/mortgages/mortgage-predictions-for-july-will-rates-continue-falling/,https://www.cnet.com/a/img/resize/27c21aabdaf21bc6fd1e86e53460fd518c98f558/hub/2024/07/29/5090ba2f-9272-47a1-8cdf-a914b00cd178/weekly-mortgage-predictions-4.jpg?auto=webp&fit=crop&height=675&width=1200,2025-07-03T12:51:00Z,"Buyers should keep an eye on the possibility of rate cuts in the next few months. 
Tharon Green/CNET
Mortgage rates are holding near a two-month low, with average 30-year fixed rates having fallen … [+6215 chars]"
80,"{'id': None, 'name': 'Yahoo Entertainment'}",Jason Ma,Wall Street was expecting a TACO Tuesday. But Dow futures fall 250 points after Trump says he will set tariffs as high as 70%,"Trump said that about “10 or 12” tariff letters would go out Friday, with additional letters coming “over the next few days.”",https://finance.yahoo.com/news/wall-street-expecting-taco-tuesday-174415034.html,https://s.yimg.com/ny/api/res/1.2/zLKCnPNpRMPcTtW6NM.dPg--/YXBwaWQ9aGlnaGxhbmRlcjt3PTEyMDA7aD04MDA-/https://media.zenfs.com/en/fortune_175/7302e4cb37c4c87fc6f625149e278a1d,2025-07-04T17:44:15Z,"<ul><li>While U.S. markets were closed for the July 4 holiday, stock futures sank on Friday after President Donald Trump said he will start sending out letters informing countries of what tariffs the… [+3107 chars]"
81,"{'id': None, 'name': 'Thekitchn.com'}",Micki Wagner,I Buy Bag After Bag of This Beloved $6 Snack All the Way from Greece,"It’s sweet, crunchy, and nutty.
READ MORE...",https://www.thekitchn.com/primis-imports-pasteli-with-greek-pistachio-review-23735317,"https://cdn.apartmenttherapy.info/image/upload/f_auto,q_auto:eco,c_fill,g_auto,w_1500,ar_3:2/stock%2Fshutterstock_289814858",2025-07-14T14:30:00Z,"We independently select these products—if you buy from one of our links, we may earn a commission. All prices were accurate at the time of publishing.
One of my favorite things to do when I travel i… [+2575 chars]"
82,"{'id': None, 'name': 'Thekitchn.com'}",Micki Wagner,"This Popular Air Fryer Is on Major Sale for Prime Day (It Has More Than 30,300 Five-Star Ratings)","It’s 43% off!
READ MORE...",https://www.thekitchn.com/best-chefman-multifunctional-air-fryer-deal-2025-23734462,"https://cdn.apartmenttherapy.info/image/upload/f_auto,q_auto:eco,c_fill,g_auto,w_1500,ar_3:2/k%2FPhoto%2FRecipes%2F2021-02-air-fryer-chicken-breasts%2F2021-02-16_ATK109315_193440_cropped-2",2025-07-09T10:15:00Z,"We independently select these products—if you buy from one of our links, we may earn a commission. All prices were accurate at the time of publishing.
I firmly believe an air fryer is a kitchen must… [+2368 chars]"
83,"{'id': None, 'name': 'Thekitchn.com'}",Micki Wagner,"The New Jarred “Saturday Sauce” Is So Delicious, I Can’t Imagine Breakfast, Lunch or Dinner Without It","I buy two jars at a time.
READ MORE...",https://www.thekitchn.com/sababa-foods-slightly-spicy-saturday-sauce-review-23737394,"https://cdn.apartmenttherapy.info/image/upload/f_auto,q_auto:eco,c_fill,g_auto,w_1500,ar_3:2/k%2FPhoto%2FRecipes%2F2024-09-shakshuka%2Fshakshuka-159",2025-07-25T13:30:00Z,"We independently select these products—if you buy from one of our links, we may earn a commission. All prices were accurate at the time of publishing.
I always keep an eye out for easy ways to amp u… [+2918 chars]"
84,"{'id': None, 'name': 'Thekitchn.com'}",Patty Catalano,"I’m a Professional Cook, and This Is the $6 Aldi Dessert I Always Have in My Freezer (It Tastes Homemade)","They come in a container of … 50!
READ MORE...",https://www.thekitchn.com/aldi-specially-selected-mini-cream-puffs-review-23732424,"https://cdn.apartmenttherapy.info/image/upload/f_auto,q_auto:eco,c_fill,g_auto,w_1500,ar_3:2/stock%2Fshutterstock_1672603831-tk",2025-07-01T12:30:00Z,"We independently select these products—if you buy from one of our links, we may earn a commission. All prices were accurate at the time of publishing.
Shopping at Aldi has been a part of my grocery … [+2616 chars]"
85,"{'id': None, 'name': 'Thekitchn.com'}",Barbara Bellesi Zito,8 Kitchen Items You’ll Wish You Brought on Your Next Vacation (They Can Save You Money!),"It’ll save you money!
READ MORE...",https://www.thekitchn.com/kitchen-travel-staples-23733193,"https://cdn.apartmenttherapy.info/image/upload/f_auto,q_auto:eco,c_fill,g_auto,w_1500,ar_3:2/stock%2FGettyImages-1408268678",2025-07-01T12:45:00Z,"We independently select these products—if you buy from one of our links, we may earn a commission. All prices were accurate at the time of publishing.
A good home cook might feel comfortable in any … [+6155 chars]"
86,"{'id': None, 'name': 'Biztoc.com'}",bostonherald.com,Ticker: OPEC+ to boost oil production; China bans EU medical devices,"Eight members of the OPEC+ alliance of oil exporting countries say they will boost production by 548,000 barrels per day in August in a move that could further reduce gas prices this year.
The group that includes Saudi Arabia and Russia made the decision at a…",https://biztoc.com/x/9c987718179b52d1,https://biztoc.com/cdn/9c987718179b52d1_s.webp,2025-07-06T20:50:29Z,"Eight members of the OPEC+ alliance of oil exporting countries say they will boost production by 548,000 barrels per day in August in a move that could further reduce gas prices this year.The group t… [+147 chars]"
87,"{'id': None, 'name': 'Barchart.com'}",Rich Asplund,Crude Oil Prices Tumble as Trump Remains Patient with Putin,"August WTI crude oil (CLQ25 ) on Monday closed down -1.47 (-2.15%), and August RBOB gasoline (RBQ25 ) closed down -0.0216 (-0.99%). Crude oil and gasoline...",https://www.barchart.com/story/news/33391492/crude-oil-prices-tumble-as-trump-remains-patient-with-putin,https://s.yimg.com/ny/api/res/1.2/E1Kubv61NupvScF4KYD8Nw--/YXBwaWQ9aGlnaGxhbmRlcjt3PTEyMDA7aD04MDA-/https://media.zenfs.com/en/barchart_com_477/99e8e3c6d2e06ec35074ee48fccb3ffd,2025-07-14T19:21:04Z,"Oil pipeline in winter by Robson Machado via Pixabay
August WTI crude oil (CLQ25) on Monday closed down -1.47 (-2.15%), and August RBOB gasoline (RBQ25) closed down -0.0216 (-0.99%).
Crude oil and … [+4540 chars]"
88,"{'id': None, 'name': 'Forbes'}","Michael Lynch, Senior Contributor, 
 Michael Lynch, Senior Contributor
 https://www.forbes.com/sites/michaellynch/",The Risks Around The Alaskan LNG Project,"The proposed Alaskan LNG Project is expensive but attractive. To the extent that it relies on political pressure, it is vulnerable to changing conditions.",https://www.forbes.com/sites/michaellynch/2025/07/25/the-risks-around-the-alaskan-lng-project/,https://imageio.forbes.com/specials-images/imageserve/6882705d70b35bf2de9eafa8/0x0.jpg?format=jpg&height=900&width=1600&fit=bounds,2025-07-25T09:00:00Z,"General view of the Trans-Alaska pipeline terminal at Valdez, Alaska, July 29th 1977. (Photo by ... More UPI/Bettmann Archive/Getty Images)
Getty Images
The North Slope of Alaska contains a large u… [+12256 chars]"
89,"{'id': None, 'name': 'Biztoc.com'}",financialpost.com,Nutella fans brace for price hike as Turkish frost hits hazelnut harvest,"First olive oil, then cocoa and coffee. Now a fresh supply squeeze is set to hit another food pleasure — the hazelnuts that go into making the chocolaty 
 
 
 
 
 
 
 
 
 
 Nutella spread. 
 Wholesale prices in Turkey, which accounts for around 65 per cent of…",https://biztoc.com/x/015f40115d5d54bb,https://biztoc.com/cdn/015f40115d5d54bb_s.webp,2025-07-04T18:24:15Z,"First olive oil, then cocoa and coffee. Now a fresh supply squeeze is set to hit another food pleasure the hazelnuts that go into making the chocolaty 
Nutella spread. Wholesale prices in Turkey, wh… [+130 chars]"
90,"{'id': None, 'name': 'Thekitchn.com'}",Shannon Feulner,"This Southern Cake Is So Good, All Your Friends Will Demand Two Slices","And it’s semi-homemade.
READ MORE...",https://www.thekitchn.com/mandarin-orange-cake-23734231,"https://cdn.apartmenttherapy.info/image/upload/f_auto,q_auto:eco,c_fill,g_auto,w_1500,ar_3:2/tk%2Fphoto%2F2025%2F07-2025%2F2025-07-mandarin-orange-cake%2Fmandarin-orange-cake-058",2025-07-13T15:00:00Z,"We independently select these products—if you buy from one of our links, we may earn a commission. All prices were accurate at the time of publishing.
I grew up making boxed yellow cake with my mom … [+7816 chars]"
91,"{'id': None, 'name': ""Investor's Business Daily""}",,"These Fossil Fuels Stocks Rallied As Senate Passed Trump's Tax, Spending Plan",Fossil fuel-related stocks in the coal and oil drilling sectors soared in Wednesday's stock market.,https://www.investors.com/news/fossil-fuels-stocks-rallied-as-senate-passed-trumps-tax-spending-plan/,https://www.investors.com/wp-content/uploads/2021/10/Stock-oilderrick-02-adobe.jpg,2025-07-03T12:42:47Z,"Information in Investors Business Daily is for informational and educational purposes only and should not be construed as an offer, recommendation, solicitation, or rating to buy or sell securities. … [+1064 chars]"
92,"{'id': None, 'name': 'Yahoo Entertainment'}",,Crude Oil Prices Remain Weak on Lack of Fresh Russian Sanctions,,https://consent.yahoo.com/v2/collectConsent?sessionId=1_cc-session_cd344550-ad05-46fb-b40e-9417526c153d,,2025-07-15T19:21:49Z,"If you click 'Accept all', we and our partners, including 236 who are part of the IAB Transparency &amp; Consent Framework, will also store and/or access information on a device (in other words, use … [+714 chars]"
93,"{'id': None, 'name': 'Yahoo Entertainment'}",,Crude Prices Jump on Speculation About New US Sanctions on Russian Oil Exports,,https://consent.yahoo.com/v2/collectConsent?sessionId=1_cc-session_6eca0379-6642-496a-9dc5-13f8673f72cc,,2025-07-11T19:12:39Z,"If you click 'Accept all', we and our partners, including 236 who are part of the IAB Transparency &amp; Consent Framework, will also store and/or access information on a device (in other words, use … [+714 chars]"
94,"{'id': None, 'name': 'Yahoo Entertainment'}",Reuters,Oil prices little changed as investors eye impact of new sanctions on Russia,"SINGAPORE (Reuters) -Oil prices barely budged on Monday as traders eyed the impact of new European sanctions on Russian oil supply, rising output from Middle...",https://finance.yahoo.com/news/oil-prices-little-changed-investors-005622037.html,https://media.zenfs.com/en/reuters-finance.com/86f9eb8f378811ee198cd3205b4611eb,2025-07-21T00:56:22Z,"SINGAPORE (Reuters) -Oil prices barely budged on Monday as traders eyed the impact of new European sanctions on Russian oil supply, rising output from Middle East producers and concerns about fuel ou… [+1560 chars]"
95,"{'id': None, 'name': 'Biztoc.com'}",southernliving.com,Amazon Surprised Us By Slashing Prices On Stunning Porch And Patio Decor Ahead Of Prime Day,,https://biztoc.com/x/71b2c9f5da46e27d,https://biztoc.com/cdn/950/og.png,2025-07-05T21:24:35Z,"{ window.open(this.href, '_blank'); }, 200); return false;""&gt;Why did Trump delay TikTok ban enforcement? { window.open(this.href, '_blank'); }, 200); return false;""&gt;How will OPEC+ oil output inc… [+712 chars]"
96,"{'id': None, 'name': 'Yahoo Entertainment'}",Sultan Khalid,Is Chevron (CVX) a Good Investment for Passive Income?,Chevron Corporation (NYSE:CVX) is included among the 12 Best Oil and Gas Dividend Stocks to Buy Now. One of the largest oil and gas producers in the world...,https://finance.yahoo.com/news/chevron-cvx-good-investment-passive-150929539.html,https://s.yimg.com/ny/api/res/1.2/59x66RzfU_SABRbIkb_qng--/YXBwaWQ9aGlnaGxhbmRlcjt3PTEyMDA7aD02NzM-/https://media.zenfs.com/en/insidermonkey.com/9993985ff21c88fc97966aed5b1501d8,2025-07-21T15:09:29Z,"Chevron Corporation (NYSE:CVX) is included among the 12 Best Oil and Gas Dividend Stocks to Buy Now.
Is Chevron (CVX) a Good Investment for Passive Income?
An aerial view of an oil rig at sea, the … [+1626 chars]"
97,"{'id': None, 'name': 'Yahoo Entertainment'}",Geoffrey Morgan,Wall Street Is Stubbornly Bullish on Downtrodden Energy Stocks,"(Bloomberg) -- Wall Street analysts have high hopes for oil and gas stocks, encouraged by cheap valuations and President Donald Trump’s boosterism of the...",https://finance.yahoo.com/news/wall-street-stubbornly-bullish-downtrodden-093000978.html,https://s.yimg.com/ny/api/res/1.2/Fo.EXmOTeuah6OEUlO_1yA--/YXBwaWQ9aGlnaGxhbmRlcjt3PTEyMDA7aD04MDc-/https://media.zenfs.com/en/bloomberg_holding_pen_162/1404a5f54fd81c80176e06b5fe86e7d0,2025-07-22T09:30:00Z,"(Bloomberg) Wall Street analysts have high hopes for oil and gas stocks, encouraged by cheap valuations and President Donald Trumps boosterism of the beleaguered energy sector.
Most Read from Bloomb… [+2290 chars]"
